Video_title,Video_url,Thumbnail_url,Channel_name,Views,Description
"SUBSCRIBER KO 50,000 ğŸ’DIAMONDS DE DIYE #shorts #freefireshorts #ashortaday #chillgamer",https://www.youtube.com/shorts/AndytaBBKrg,https://i.ytimg.com/vi/AndytaBBKrg/hq720_2.jpg?sqp=-oaymwEdCJYDENAFSFXyq4qpAw8IARUAAIhCcAHAAQbQAQE=&rs=AOn4CLAJ401vH54AmsSJRnsdm5xw2S6PbQ,chill gamer,"2.7M views
1 day ago",
JAWAN | Title Announcement | Shah Rukh Khan | Atlee Kumar | 02 JUNE 2023,https://www.youtube.com/watch?v=fPX0C-g5xpU,https://i.ytimg.com/vi/fPX0C-g5xpU/hqdefault.jpg?sqp=-oaymwEcCPYBEIoBSFXyq4qpAw4IARUAAIhCGAFwAcABBg==&rs=AOn4CLB87w6Roy5rxeL2oUTHsKNfm1NKzw,Red Chillies Entertainment,"23M views
3 days ago","Red Chillies Entertainment presents Shah Rukh Khan in and as #JAWAN An Atlee film Red Chillies Entertainment announces JAWAN, the highly anticipated film starring the megastar #ShahRukhKhan..."
Living in the World's Smallest City!! *Overnight Challenge* à¤¦à¥à¤¨à¤¿à¤¯à¤¾ à¤•à¤¾ à¤¸à¤¬à¤¸à¥‡ à¤›à¥‹à¤Ÿà¤¾ à¤¶à¤¹à¤°!!,https://www.youtube.com/watch?v=QRGF4HB1QCo,https://i.ytimg.com/vi/QRGF4HB1QCo/hqdefault.jpg?sqp=-oaymwEcCPYBEIoBSFXyq4qpAw4IARUAAIhCGAFwAcABBg==&rs=AOn4CLDXJVBpwmoX55cNw_BEjRcCgbUy7g,Pragati Verma,"2M views
1 day ago","Tinyyyyyyyyyy CityyyyyyğŸ˜› Follow me on Instagram @pragati.vermaa Subscriber Count : 3,977,406 ğŸŒ¸"
I Built Willy Wonka's Chocolate Factory!,https://www.youtube.com/watch?v=Hwybp38GnZw,,MrBeast,"34M views
1 day ago",MILK Chocolate ğŸ« Win a Tesla or be in a MrBeast video - Buy now â–¸ https://feastables.com Get Honey for FREE today â–¸ https://joinhoney.com/mrbeast Honey finds coupons with one click....
Bacche ne Namak Pani Pila Diya.ğŸ˜‚ğŸ˜‚#shorts #funny #funnyvideo #comedy #pradeeplifevlogs,https://www.youtube.com/shorts/PYYWWivHORQ,,Pradeep life vlogs,"5.8M views
2 days ago",Dosto aapko yah funny video kaisa laga. Agar aapko yah funny video accha laga ho to ek like jarur karna. ğŸ™ @Pradeep life vlogs My vloging channel link ğŸ‘‡ https://youtube.com/channel/UCbplgu...
GUESS THE LOGO CHALLENGE BROTHER VS BROTHER | Rimorav Vlogs | BABY QUEEN,https://www.youtube.com/watch?v=IuQpJUO8Yak,,Baby Queen,"846K views
21 hours ago",Watch GUESS THE LOGO CHALLENGE | BROTHER VS BROTHER by BABY QUEEN from Rimorav Vlogs presents RI Vlogs Make meaningful connections without stepping out of your house. Download happn now http://get...
TRYING WIERD INDIAN FOOD (Maggi Milkshake),https://www.youtube.com/watch?v=fnQMgCqgrOw,,Mythpat,"2.6M views
1 day ago","Download Public app - https://bit.ly/publicapp_Mythpat Today we try Weird Indian Food with @lali We make funny food like Maggi Milkshake, Gulab Jamun Pizza, Chocolate Biryani and many more...."
Mere Humsafar Episode 22 | Presented by Sensodyne (English Subtitles) 2nd June 2022 | ARY Digital,https://www.youtube.com/watch?v=PckSjSKAQyI,,ARY Digital HD,"16M views
3 days ago",Mere HumSafar Episode 22| Farhan Saeed | Hania Amir | 2nd June 2022 | ARY Digital Watch All Episodes of #MereHumSafar Here : https://bit.ly/35j7UzO Mere Humsafar | The Poetic Tale Of Hala...
HIMLANDS - FalanaG HELPED ME AGAINST WIZARD | Minecraft [S-4 part 9],https://www.youtube.com/watch?v=CP259Ny_epg,,YesSmartyPie,"2.5M views
2 days ago",#Minecraft #Himlands Previous Episode ~ https://youtu.be/3kk2D7nBtj4 HIMLANDS - FalanaG Helped Me Against Wizard| Minecraft [S-4 part 9] Follow me on Instagram ~ https://www.instagram.com/hitesh...
Watch till the end (Bewafa) ğŸ˜ğŸ”¥ #shorts #bewafa,https://www.youtube.com/shorts/kwlGsNyr5e8,,Bobby chourasiya,"33M views
5 days ago",
Ye BaBa ne mere sath kya kardiya ğŸ˜‚ Maja aayega last tak deckhna - Garena free fire max #shorts,https://www.youtube.com/watch?v=LJ3TCRD_GRk,,Hakson Pro Gaming,"1M views
23 hours ago",
B.E. Rojgaar - E3 | Jugaad | Marathi Web Series | SCALER | #Bhadipa,https://www.youtube.com/watch?v=acR-FLy5Wrs,,Bharatiya Digital Party,"798K views
2 days ago",Our trio is at crossroads...Where do they go from here? Certified or qualified? What are you? Check SCALER CreateImpact : https://bit.ly/SCALER_BERojgaar_Ep3 B.E. Rojgaar is a story of 3...
JHADUWALA BHOOT PART 2 | #Horror Comedy Movie #Family | Ruchi and Piyush,https://www.youtube.com/watch?v=0h9GDCoyyJs,,Ruchi and Piyush,"1.6M views
2 days ago","Aapne Jhaduwala Bhoot Part -1 mein dekha hoga ki, hamare ghar mein bhoot hai!! Woh pakda gaya ki nahi!! Jaanne ke liye video end tak zaroor dekhna !! Jhaduwala Bhoot Part 1 ğŸ‘» - https://youtu.b..."
Jio Game Controller #shorts | #MostTechy,https://www.youtube.com/shorts/ziAN19Wg8uY,,MostTechy Shorts,"1M views
1 day ago",Main Channel: https://www.youtube.com/MostTechy Follow me across social media platforms for behind the scenes: Instagram: https://www.instagram.com/mosttechy/ Facebook: https://www.facebook.com/mos...
Chomtu or gullu ki jodi ! Pasta party !! #shorts #ashortaday #rajatp_here,https://www.youtube.com/shorts/CVTqAQD5bFA,,Rajat shorts !!,"4.9M views
2 days ago",
à¤œà¥ˆà¤¨ à¤‡à¤¤à¤¨à¥‡ à¤…à¤®à¥€à¤° à¤•à¥ˆà¤¸à¥‡ à¤¬à¤¨à¥‡? | 10 à¤•à¤¾à¤°à¤£ | Case Study | Dr Vivek Bindra,https://www.youtube.com/watch?v=AmufkeiEPmg,,Dr. Vivek Bindra: Motivational Speaker,"705K views
23 hours ago","Dr. Vivek Bindra is the Founder CEO Of Bada Business Pvt. Ltd., One Of The Most Progressive Ed-Tech platforms in South East Asia. He is the Only Business Mentor In The World To receive 8 Guinness..."
Glass painting : tutorial #shorts,https://www.youtube.com/watch?v=1oj_AjgpmNk,,Aryan verma studios,"2.8M views
3 days ago",Download Cliff app - https://bit.ly/3uXSmut My Instagram - https://www.instagram.com/aryanverma_001/ Materials âœï¸ Acrylic colour - https://amzn.to/3JEtpcI 2 million special drawing...
3 Nastiest Tech Pranks ğŸ”¥,https://www.youtube.com/shorts/l3yfcRuts1I,,Mrwhosetheboss Shorts,"4.9M views
1 day ago",Do consider subscribing to my Shorts Channel! ğŸ‘Š Main Mrwhosetheboss YouTube Channel: https://www.youtube.com/user/Mrwhosetheboss #shorts #tech #pranks
à¤†à¤à¤–à¥‹à¤‚ à¤•à¤¾ à¤§à¥‹à¤•à¤¾ ğŸ˜“#ytshorts #sadstory #shorts,https://www.youtube.com/shorts/eJuYqH4lP3E,,shagun style,"2.3M views
2 days ago",
Adam Noob Ko Dikhai Uski AukatğŸ˜‚Mja Aayega Pura Dekhna PurağŸ¤£ GTA 5ğŸ”¥ #shorts #funny,https://www.youtube.com/shorts/WRD8JqhN9fc,,DecoR Gaming,"2.9M views
3 days ago",Adam Noob Ko Dikhai Uski AukatğŸ˜‚Mja Aayega Pura Dekhna PurağŸ¤£ GTA 5ğŸ”¥ #shorts #funny
Garena Freefire Sent Me A Mysterious Gift ğŸ¤¯ğŸ˜± #shorts #graduateff #freefireprank,https://www.youtube.com/watch?v=M_F4KPh009k,,Graduate ff,"1.2M views
2 days ago",Garena Freefire Sent Me A Mysterious Gift ğŸ¤¯ğŸ˜± #shorts #graduateff #freefireprank Match Making In Same Match With Proof ğŸ˜± OMG Experiment ğŸ¤¯ #shorts #graduateff #freefireprank Instagram...
Do Not Sink The Lemon Challenge #shorts #short,https://www.youtube.com/shorts/z4mlWgIaptE,,ADHARV & COUSINS JOURNEY,"4.3M views
2 days ago",
Never Sayâš ï¸ I Love â¤ï¸ You #shorts #vendyfam,https://www.youtube.com/shorts/-N_S95IQ_GU,,VENDY YADUWANSHI,"1.8M views
2 days ago",
Bhagya Lakshmi,https://www.youtube.com/watch?v=YYVzWHFTg5M,,ZEE TV USA,"666K views
20 hours ago","Virendra ji hain Lakshmi se naraaz, par kya woh kabhi samajh paayenge uski majboori? Dekhiye #BhagyaLakshmi, sirf #ZeeTVUSA par. #LakshmiKaSaahas #BhagyaLakshmi #BhagyaKiMarzi #AishwaryaKhare..."
8 Super Minecraft mods âš¡ | minecraft hindi video,https://www.youtube.com/watch?v=RICHfCM-FdQ,,MrGamerJay,"751K views
2 days ago",â¬‡ï¸Download showed mods from hereâ¬‡ï¸ https://discord.gg/fZPRe6UFJA ğŸ‘¾ Discord: https://discord.com/invite/mrgamerjay ğŸ§¡ Instagram:https://www.instagram.com/mrgamerjay/ ğŸŸ¦...
Mobile à¤•à¥‡ 3 à¤—à¤œà¤¬ à¤•à¥‡ Tricks | #shorts,https://www.youtube.com/watch?v=FBv8MDWwL_E,,Fact Nation (Official),"678K views
2 days ago","#Facts    #factvideos #shorts #shortsbeta #firstyoutubeshort #youtubeshortvideos #Shorts   Disclaimer____ Under Section 107 of the Copyright Act 1976, allowance..."
Yash & Neha's Royal Wedding | à¤¯à¤¶à¤¨à¥‡ à¤˜à¥‡à¤¤à¤²à¤¾ à¤œà¤¬à¤°à¤¦à¤¸à¥à¤¤ à¤‰à¤–à¤¾à¤£à¤¾ | Shreyas Talpade | Prarthana Behere,https://www.youtube.com/watch?v=omdxiXsB1C0,,Rajshri Marathi ShowBuz,"126K views
19 hours ago",à¤à¥€ à¤®à¤°à¤¾à¤ à¥€à¤µà¤°à¥€à¤² à¤®à¤¾à¤à¥€ à¤¤à¥à¤à¥€ à¤°à¥‡à¤¶à¥€à¤®à¤—à¤¾à¤ à¥€ à¤¯à¤¾ à¤®à¤¾à¤²à¤¿à¤•à¥‡à¤¤ à¤¨à¥‡à¤¹à¤¾ à¤†à¤£à¤¿ à¤¯à¤¶à¤šà¥à¤¯à¤¾ à¤²à¤—à¥à¤¨à¤¾à¤šà¤¾ Sequence...
Brothers For Life ğŸ¤˜ğŸ» #shorts,https://www.youtube.com/shorts/XDnEgZgSVf0,,Tirth Parsana,"1.9M views
3 days ago",
DESI VS INTERNATIONAL FOOD CHALLENGE ğŸ¤© || We Took This To The Next Level ğŸ˜±,https://www.youtube.com/watch?v=uzqO-5A4yUk,,Foodie We,"432K views
22 hours ago",OMG REACTS https://www.youtube.com/channel/UCfVgFMbW3rktVFcOy-AnOvQ Join this channel to get access to perks: https://www.youtube.com/channel/UCGtu9J8Hp5lOOdNR4_nZa2Q/join PLEASE SUBSCRIBE...
BhukadğŸ± TWINSğŸ‘¬ *VLOG* #shorts #vlog,https://www.youtube.com/shorts/uoihwxScEv0,,The Formal Edit,"1.3M views
1 day ago",
Cute love story ğŸ¥ºâ¤ï¸ #shorts || Jaanvi patel ||,https://www.youtube.com/shorts/todN3UAp4FY,,jaanvi patel,"8.8M views
5 days ago",
m1014 return | #shorts #freefireshorts,https://www.youtube.com/shorts/FiAyF6hMg4U,,Mental gamer,"353K views
1 day ago",m1014 return | #shorts #freefireshorts #m1014 #freefireshorts #freefire #garenafreefire #youtubeshorts #mentalgamer #mentalgamershorts #m1014 return
I Ate Only PASTA For 24 Hours ğŸ¤¯ | Food Challenge | Garima's Good Life,https://www.youtube.com/watch?v=dNZROfa3Qog,,Garima's Good Life,"343K views
1 day ago","Download Duolingo For Free: https://app.adjust.net.in/h8fpz8l Sorrentina : Plot No, Second Floor, Foodhall@Linking Road, 106, Linking Rd, Santacruz, Mumbai, W, Mumbai, Maharashtra 400054 ..."
Real Meaning of MRP (Maximum Retail Price),https://www.youtube.com/shorts/zrhQmT2gE-Q,,bekifaayati,"194K views
1 day ago",Real Meaning of MRP (Maximum Retail Price) || bekifaayati #shorts Maximum Retail Price (MRP) is the maximum price the seller can charge from the buyer. MRP is inclusive of all taxes including...
17 Wickets Fall On Day 1 | Highlights | England v New Zealand - Day 1 | 1st LV= Insurance Test 2022,https://www.youtube.com/watch?v=8UufgBU0Sms,,England & Wales Cricket Board,"4.9M views
3 days ago",Go to ecb.co.uk to join We Are England Cricket Supporters for free and get priority access to tickets and much more! Watch match highlights from Day 1 the 1st LV= Insurance Test between England...
à¤à¤¸à¤¾ Unique Samosa à¤†à¤ªà¤¨à¥‡ Kabhi Nahi à¤–à¤¾à¤¯à¤¾ à¤¹à¥‹à¤—à¤¾ğŸ¥µğŸ¥µ #indianstreetfood #samosa #gujarat #shorts #india,https://www.youtube.com/shorts/mZ8IHXftsl4,,Foodie Incarnate,"2M views
3 days ago",
Ice Balloon ğŸ˜„ #shorts | Harpreet SDC,https://www.youtube.com/shorts/9rEYsReP7Js,,Harpreet SDC,"1.1M views
2 days ago",Follow me on ğŸ‘‡ğŸ¼ : Instagramâ–º https://bit.ly/3eCsk9K Facebook â–º https://bit.ly/3tfk5Ew Subscribe Our Second Channel for Shorts Video ğŸ‘‰ğŸ¼ https://www.youtube.com/channel/UC7Y-NWMUTMqK...
High heels.....ğŸ˜‚ğŸ˜‚ #shorts #youtubeshorts #funwithprasad,https://www.youtube.com/shorts/EJSHwJ5ullk,,FUNwithPRASAD,"2.4M views
3 days ago",
Kisi Ka Dil Mat Dukhana ğŸ’”ğŸ™ğŸ» #shorts,https://www.youtube.com/shorts/Glg4CXLxk-o,,Jomy Production,"1.7M views
3 days ago",
Every School Life | Result Day #shorts,https://www.youtube.com/shorts/9R0UnlyxE0Y,,Paayal Tena Short Videos,"17M views
5 days ago",Every Time answersheets gets distributed In class by Mam ğŸ¤£ . . Full Video On Youtube : The Paayal Jain https://youtu.be/dYsbUvaw8ks . . #thepaayaljain #paayal #paayaljain #comedy #comedyvideos...
1 Bahubali ğŸ˜± Panipuri à¤–à¤¾à¤“ à¤”à¤° à¤œà¥€à¤¤à¥‹ ğŸ¤‘200 â‚¹ à¤¨à¤•à¤¦ à¤‡à¤¨à¤¾à¤® #shorts #challenge #panipuri #bahubali,https://www.youtube.com/shorts/mAGAfaDogDg,,FOODY RAHUL,"1.4M views
3 days ago",#shorts #challenge #panipuri #bahubali #bahubalipanipuri #challengeaccepted #challengevideo #challenges #golgappa #puchka #shortsfeed #shortsvideo #short #panipurichallenge #big #win #wincash...
Meri pyari mummy.....ğŸ˜‚ğŸ˜‚ #shorts #youtubeshorts #funwithprasad,https://www.youtube.com/shorts/wQSC7z6sFlM,,FUNwithPRASAD,"9.9M views
5 days ago",
NAGINEY | EP 02: Mera Kandom Nahi Hai | 2 Foreigners In Bollywood,https://www.youtube.com/watch?v=hw5TBnjd-Xc,,2 Foreigners In Bollywood,"1.9M views
2 days ago","Follow Billu, Mahesh and Bishnu on their journey towards a new life in Mumbai in Episode 2 of our Web Series: NAGINEY! Register on Binomo and get free 1000 $ to your demo-account: https://bit.ly/3g..."
"Virata Parvam Trailer | Rana Daggubati, Sai Pallavi, Priyamani | Venu Udugula",https://www.youtube.com/watch?v=DVdwSc-X6YI,,SLV Cinemas,"6.2M views
22 hours ago","Watch the intense Trailer of Virata Parvam. Cast - #RanaDaggubati, #SaiPallavi, Priyamani, Nivetha Pethuraj, Nandita Das, Naveen Chandra Writer & Director: Venu Udugula Producer: Sudhakar..."
Kya Yeh Hai #sidhumoosewala Ke Qatal Ke Piche ? | Mridul Madhok,https://www.youtube.com/shorts/aRm8ROh8EgI,,Mridul Madhok,"2.8M views
3 days ago",
Dost ka ACCIDENTğŸ¤•ğŸ©¼ *VLOG* #shorts #vlog,https://www.youtube.com/shorts/mJGbAC2TJu4,,The Formal Edit,"2.3M views
3 days ago",
The Bro Code ğŸ˜ğŸ˜ #shorts #vendyfam,https://www.youtube.com/shorts/Vi7Hyy9vt5Q,,VENDY YADUWANSHI,"4.4M views
4 days ago",
Hydrogen gas â¤ï¸ #science #scienceandfun #physics #chemsitry #funny #comedy #ashortaday #ashusir,https://www.youtube.com/shorts/NS1SjYVBLwM,,Science and fun,"2.1M views
3 days ago",
Root Leads The Chase! | Highlights | England v New Zealand - Day 3 | 1st LV= Insurance Test 2022,https://www.youtube.com/watch?v=3WkWqhF4DiI,,England & Wales Cricket Board,"3.9M views
1 day ago",Go to ecb.co.uk to join We Are England Cricket Supporters for free and get priority access to tickets and much more! Watch match highlights from Day 3 the 1st LV= Insurance Test between England...
HALKI SI BARSAAT TEASER - Munawar Faruqui & Nazila | Saaj Bhatt | Sanjeev Chaturvedi | Anshul Garg,https://www.youtube.com/watch?v=N-mD8pqYvxw,,Desi Music Factory,"1.8M views
2 days ago",Anshul Garg presents teaser of Halki Si Barsaat ft. Munawar Faruqui & Nazila. Sung by Saaj Bhatt composed and written by Sanjeev Chaturvedi. Full song out on 8th June at 12pm Song - Halki...
upper wala aise bachhe kisi ko na değŸ¥ºğŸ˜‚ #shorts #youtubeshorts #viral #trending #funny #short,https://www.youtube.com/shorts/S2Abeoa3Axs,,mujjuu___14,"47M views
7 days ago",
à¤®à¤¾à¤‚à¤—à¤¨à¥‡ à¤ªà¤° à¤œà¤¹à¤¾à¤ à¤ªà¥‚à¤°à¥€ à¤¹à¤° à¤®à¤¨à¥à¤¨à¤¤ à¤¹à¥‹à¤¤à¥€ à¤¹à¥ˆ à¤®à¤¾à¤ à¤•à¥‡ à¤ªà¥ˆà¤°à¥‹à¤‚ à¤®à¥‡à¤‚ à¤¹à¥€ à¤µà¥‹ à¤œà¤¨à¥à¤¨à¤¤ à¤¹à¥‹à¤¤à¥€ à¤¹à¥ˆğŸ˜­ğŸ˜­ #shorts #viral #trending,https://www.youtube.com/shorts/Aa-Frqm4eQU,,Ruh,"36M views
7 days ago",#shorts #short #AshortAday #shortsvideo #status#whatsaapstatus #trendingvideo #shortsvideo #mother status #motherlove #maa #husbandwifelovestory #hearttouching #heartbroken #viralvideo #trending...
hevaniyat |Ajay Sharma #shorts #motivation,https://www.youtube.com/watch?v=yzGe68qGGik,,Ajay Sharma,"31M views
7 days ago",
EPL Season 2 | Round2Hell | R2H,https://www.youtube.com/watch?v=5qo4-D4Mn3E,,Round2hell,"24M views
5 days ago",Download ludope https://bit.ly/3N2Hvam Get 500 bonus by using this Referral code- *R2H500* EPL Season 1 : https://youtu.be/0voI9HJD_Ns For Behind The Scenes & More.. Follow us on Instagram...
Every School Life | Result Day #shorts,https://www.youtube.com/shorts/9R0UnlyxE0Y,,Paayal Tena Short Videos,"17M views
5 days ago",Every Time answersheets gets distributed In class by Mam ğŸ¤£ . . Full Video On Youtube : The Paayal Jain https://youtu.be/dYsbUvaw8ks . . #thepaayaljain #paayal #paayaljain #comedy #comedyvideos...
JAWAN | Title Announcement | Shah Rukh Khan | Atlee Kumar | 02 JUNE 2023,https://www.youtube.com/watch?v=fPX0C-g5xpU,,Red Chillies Entertainment,"23M views
3 days ago","Red Chillies Entertainment presents Shah Rukh Khan in and as #JAWAN An Atlee film Red Chillies Entertainment announces JAWAN, the highly anticipated film starring the megastar #ShahRukhKhan..."
Emotional story ğŸ˜¢ #shorts || jaanvi patel ||,https://www.youtube.com/shorts/gmgbU-zj-FI,,jaanvi patel,"22M views
7 days ago",
Mere Humsafar Episode 22 | Presented by Sensodyne (English Subtitles) 2nd June 2022 | ARY Digital,https://www.youtube.com/watch?v=PckSjSKAQyI,,ARY Digital HD,"16M views
3 days ago",Mere HumSafar Episode 22| Farhan Saeed | Hania Amir | 2nd June 2022 | ARY Digital Watch All Episodes of #MereHumSafar Here : https://bit.ly/35j7UzO Mere Humsafar | The Poetic Tale Of Hala...
Cute love story ğŸ¥ºâ¤ï¸ #shorts || Jaanvi patel ||,https://www.youtube.com/shorts/todN3UAp4FY,,jaanvi patel,"8.8M views
5 days ago",
DIY natural cast of face || #Shorts,https://www.youtube.com/shorts/9RI1k6kRKlc,,Wood Mood,"21M views
7 days ago",We made a natural cast of eggs out of plaster and egg! Look at this amazing result! This activity is performed by actors in a controlled environment. Please use caution if you plan to replicate...
Biwi ne apni samajhadaari se pati ka karza utar dia aur nanad ko bhi bachaya #shorts #emotional,https://www.youtube.com/shorts/psLxq1-y-Uw,,Incredible Alien,"11M views
5 days ago",
The Pro Player ğŸ˜‚ğŸ˜‚ #shorts #vendyfam,https://www.youtube.com/shorts/4ZG7LEujA4Q,,VENDY YADUWANSHI,"24M views
9 days ago",
Aapke wha kya temperature chal rha hai?ğŸ¥µ #youtubeshorts #comedy #funny #funnyvideos #comedyvideo,https://www.youtube.com/shorts/Z_ztPk0ZJ04,,Ketan mehta,"38M views
11 days ago",
Ye toh hona he tha #rjkarishma #comedy,https://www.youtube.com/shorts/PjN4w-KnCvc,,rjkarishma,"10M views
6 days ago",
Meri pyari mummy.....ğŸ˜‚ğŸ˜‚ #shorts #youtubeshorts #funwithprasad,https://www.youtube.com/shorts/wQSC7z6sFlM,,FUNwithPRASAD,"9.9M views
5 days ago",
ğŸ’¥Trending MANGO MAGGI uhh ğŸ˜± â‰ï¸ #shorts à®à®©à¯à®©à®Ÿà®¾ à®‡à®¤à¯ à®®à¯‡à®•à®¿à®•à¯à®•à¯ à®µà®¨à¯à®¤ à®šà¯‹à®¤à®©à¯ˆ #ashortaday,https://www.youtube.com/shorts/2giu5GEbCP8,,1 Million Views Tamil,"7.4M views
8 days ago",It's Free) - Instagram https://www.instagram.com/since_9teen_97/ -----------------------------------------------------------------------------------------------------------------------------------...
ï¿¼salute indian armyğŸ˜­ğŸ™ğŸ˜­Ek shahid foji ki kahaniğŸ˜­ğŸ™#youtubeshorts #ytshorts #shorts #ultimatejaved,https://www.youtube.com/shorts/9ZrluWHCYoM,,Ultimate Javed,"36M views
13 days ago",
Bhai behan ka pyarğŸ¥ºâ¤ï¸ #shorts #emotional,https://www.youtube.com/shorts/vIahMUi7vpU,,Deepali Markam,"33M views
12 days ago",
golden Play button | #shorts #youtubeshorts,https://www.youtube.com/shorts/O9SExxzYxTs,,Mental gamer,"27M views
13 days ago",golden Play button | #shorts #youtubeshorts #freediamond #freefire #garenafreefire #goldenplaybutton #mentalgamer #mentalgamershorts
Chomtu or gullu ki jodi ! Pasta party !! #shorts #ashortaday #rajatp_here,https://www.youtube.com/shorts/CVTqAQD5bFA,,Rajat shorts !!,"4.9M views
2 days ago",
Golgappa challenge with chomtu !! #shorts #ashortaday #rajatp_here,https://www.youtube.com/shorts/9I75wkexOI0,,Rajat shorts !!,"13M views
6 days ago",
à´®àµà´Ÿà´¿ à´µàµ†à´Ÿàµà´Ÿà´¿à´¯à´¾àµ½..ğŸ’‡â€â™‚ï¸ Boys vs Girls..ğŸ¤£ #Shorts,https://www.youtube.com/shorts/9n7-EJIUzvE,,Yadav Moko,"4M views
6 days ago",Comedy video by yadav moko. #Shorts
LEVELS - Official Video | Sidhu Moose Wala ft Sunny Malton | The Kidd,https://www.youtube.com/watch?v=tpFljbJxZiw,,Sidhu Moose Wala,"33M views
11 days ago",Singer/Lyrics/Composer - Sidhu Moose Wala Rap/Lyrics - Sunny Malton Music - The Kidd Director/Editor/Dop - Nav Dhiman Assit.Director - Jaskaran Singh CGI - Vishal Chaudhary Mix & Master -...
The Legend - Official Trailer | Legend Saravanan | Harris Jayaraj | JD â€“Jerry,https://www.youtube.com/watch?v=mvQK78iCxWY,,Think Music India,"26M views
7 days ago",Presenting the official trailer of #TheLegendMovie starring #LegendSaravanan #TheLegend #TheNewLegendSaravanaStoresProductions Director : JD - Jerry Produced by : Legend Saravanan Cast :...
à´à´¾àµ» à´•à´°à´àµà´àµ à´…à´®àµà´® à´šà´¿à´°à´¿à´šàµà´šàµ #malayalam #comedy #shorts,https://www.youtube.com/shorts/tLsO1km73Oo,,Babithababi,"2.9M views
5 days ago",
metro va ğŸ™„ #shorts #comedy #new #funny #reality #tamil #trending #youtube #viral #hk #metro #twist,https://www.youtube.com/shorts/O40AG0E286E,,Harrish krish,"2.4M views
3 days ago",
I love u Maa jarur likhna â¤ï¸ #shorts #azhan5star #youtube,https://www.youtube.com/shorts/94nQ6wHhQ6M,,Azhan5star,"22M views
13 days ago",
BRAHMÄ€STRA Part One: Shiva | TRAILER OUT ON JUNE 15 | Hindi | Ranbir | Alia | Ayan,https://www.youtube.com/watch?v=yqgm9hkJ1FE,,Sony Music India,"6.1M views
6 days ago","In just 100 days, BRAHMÄ€STRA: Part One will be all yours ğŸ’¥ But before that, donâ€™t miss the BrahmÄstra TRAILER on JUNE 15TH!! ğŸ’¥ğŸ’¥"
"SUBSCRIBER KO 50,000 ğŸ’DIAMONDS DE DIYE #shorts #freefireshorts #ashortaday #chillgamer",https://www.youtube.com/shorts/AndytaBBKrg,,chill gamer,"2.7M views
1 day ago",
"Underwater Challenge ğŸ¤— First Time, IPhone ğŸ“² Winner â“ #Shorts #Short",https://www.youtube.com/shorts/7-aSdQX6Jws,,Sanjoy Das Official,"5M views
4 days ago",Thanks for watching ğŸ˜Š keep support ğŸ˜˜ Follow me on InstagramğŸ‘‡ https://www.instagram.com/sanjoydas_official Official Facebook ğŸ‘‡ https://www.facebook.com/SanjoyDasOfficial15 Join...
"Laal Singh Chaddha Official Trailer | Aamir, Kareena, Mona, Chaitanya | Advait | In Cinemas 11th Aug",https://www.youtube.com/watch?v=R6savS7m0Fg,,Viacom18 Studios,"44M views
7 days ago","Laal Singh Chaddha, a simple man whose extraordinary journey will fill you with love, warmth, happiness and will also make you laugh. Watch Laal's beautiful journey in cinemas worldwide on..."
iPhone 13 Pro VS Samsung Galaxy Fold Hammer Test | Durability Test | #iPhone #samsungfold,https://www.youtube.com/watch?v=9iX0UX_C3HM,,Anurag Aggarwal: Business & Public Speaking Coach,"3.4M views
5 days ago",--------------------------------------------------------------- Video Courtesy: Techrax Download Anurag Aggarwal's App. for FREE https://play.google.com/store/apps/details?id=co.arya.yqadl...
No MoneyğŸ’°How Chicken PopcornğŸ—ğŸ¿ğŸ˜‚ old vudeosğŸ’¡ #chickenpopcorn #funny #shorts #funbucketbhargav,https://www.youtube.com/shorts/ZYY0R5ZI2Ew,,Fun Bucket Bhargav,"3.3M views
4 days ago",Looking for an easy way to treat your girlfriend when you're broke? Watch the new relationship comedy and try not to laugh! #Shorts #FunBucketBhargav #chickenpopcorn #Funny #Comedy *************...
Hydrogen gas â¤ï¸ #science #scienceandfun #physics #chemsitry #funny #comedy #ashortaday #ashusir,https://www.youtube.com/shorts/NS1SjYVBLwM,,Science and fun,"2.1M views
3 days ago",
Mere Humsafar Episode 21 (English Subtitles) Presented by Sensodyne | ARY Digital Drama,https://www.youtube.com/watch?v=ZH3FANz0wQE,,ARY Digital HD,"21M views
10 days ago",Mere HumSafar Episode 21 with Subtitle Eng | Farhan Saeed | Hania Amir | 26th May 2022 | ARY Digital Watch All Episodes of #MereHumSafar Here : https://bit.ly/35j7UzO Mere Humsafar | The...
12 years up and down â™¥ï¸ #WakaWaka,https://www.youtube.com/shorts/sNUFR6PE7gc,,Ahaana Krishna,"2.2M views
5 days ago",
Daaru With Dad 3 | Harsh Beniwal,https://www.youtube.com/watch?v=220TpHgDfvs,,Harsh Beniwal,"18M views
13 days ago","Sign up & Register On Relevel Today & Get Your Dream Job In 15 Days For Free! https://relvl.co/b78f Director: Harsh Beniwal Written by: Shivam Bajpai, Harsh Beniwal, Purav Jha Chief AD: Akriti..."
TRYING WIERD INDIAN FOOD (Maggi Milkshake),https://www.youtube.com/watch?v=fnQMgCqgrOw,,Mythpat,"2.6M views
1 day ago","Download Public app - https://bit.ly/publicapp_Mythpat Today we try Weird Indian Food with @lali We make funny food like Maggi Milkshake, Gulab Jamun Pizza, Chocolate Biryani and many more...."
17 Wickets Fall On Day 1 | Highlights | England v New Zealand - Day 1 | 1st LV= Insurance Test 2022,https://www.youtube.com/watch?v=8UufgBU0Sms,,England & Wales Cricket Board,"4.9M views
3 days ago",Go to ecb.co.uk to join We Are England Cricket Supporters for free and get priority access to tickets and much more! Watch match highlights from Day 1 the 1st LV= Insurance Test between England...
Is this Radium? ğŸ˜² #science #physics #ashusir #facts #sciencefacts #scienceandfun #scienceexperiment,https://www.youtube.com/shorts/sY9Xt2js6sI,,Science and fun,"3.4M views
5 days ago",
You won't believe this City exists!,https://www.youtube.com/shorts/iOTI9Q-SCOw,,Dhruv Rathee Shorts,"4.5M views
6 days ago",Link to Main Channel: https://www.youtube.com/dhruvrathee #shorts
à®‡à®¨à¯à®¤ Trick à®¨à®²à¯à®²à®¾ à®‡à®°à¯à®•à¯à®•à¯‡ ğŸ˜‚#Shorts | Sidhu &Shreya,https://www.youtube.com/shorts/wpAZxq27vu4,,Sidhu & Shreya,"2.7M views
3 days ago",Can you guess what's happening here? Here's a face sanitizing moment which I've never seen before. #SidhuShreya #Shorts #Serial #sanitizer ______________________________________ Follow Us...
I want Apple ğŸ˜³ OMG - wait for TWIST ğŸ˜‚ any apple lovers ğŸ˜‚ old videos #shorts #FunBucketBhargav,https://www.youtube.com/shorts/6YBj7JwGp28,,Fun Bucket Bhargav,"3.5M views
5 days ago",Are you jealous or angry that your boyfriend didn't gift you an expensive Apple iPhone? Watch the latest comedy to spark laughter. #Shorts #FunBucketBhargav #IwantApple #Funny #Comedy #AppleLove...
à¤®à¥‡à¤¹à¤¨à¤¤ à¤”à¤° à¤ˆà¤®à¤¾à¤¨à¤¦à¤¾à¤°à¥€ | A Heart touching story | D Jackson #shorts,https://www.youtube.com/shorts/nZX8mY251nw,,D Jackson,"2.9M views
4 days ago",à¤®à¥‡à¤¹à¤¨à¤¤ à¤”à¤° à¤ˆà¤®à¤¾à¤¨à¤¦à¤¾à¤°à¥€ | A Heart touching story | D Jackson #shorts #djackson #hearttouchingstory Love you Everyone â¤ï¸ğŸ˜Š Keep Supporting For More Daily Update...
à¤šà¤²à¤¤à¥€ à¤¸à¥€à¤¢à¤¼à¥€ à¤•à¥‹ English me kya bolen? ~ 1 Minute English | Kanchan English Connection #shorts,https://www.youtube.com/shorts/Z6plLdrVUdM,,English Connection,"5.5M views
6 days ago",à¤šà¤²à¤¤à¥€ à¤¸à¥€à¤¢à¤¼à¥€ à¤•à¥‹ English me kya bolen? ~ 1 Minute English | Kanchan English Connection #shorts In this 1 minute English ytshorts/reels youâ€™ll learn the meaning of starts...
I Built Willy Wonka's Chocolate Factory!,https://www.youtube.com/watch?v=Hwybp38GnZw,,MrBeast,"34M views
1 day ago",MILK Chocolate ğŸ« Win a Tesla or be in a MrBeast video - Buy now â–¸ https://feastables.com Get Honey for FREE today â–¸ https://joinhoney.com/mrbeast Honey finds coupons with one click....
Guess the Vegetable Challenge ğŸ˜‚ #shorts #short,https://www.youtube.com/shorts/guGHmpnHDHw,,Jenni's Hacks,"2.1M views
3 days ago",Guess the Vegetable Challenge ğŸ˜‚ #shorts #short #jennishacks Jenni's Insta ğŸ‘‰ğŸ» https://instagram.com/jenni__mj Harish's Insta ğŸ‘‰ğŸ» https://instagram.com/harish__anto Don't Forget...
HIMLANDS - FalanaG HELPED ME AGAINST WIZARD | Minecraft [S-4 part 9],https://www.youtube.com/watch?v=CP259Ny_epg,,YesSmartyPie,"2.5M views
2 days ago",#Minecraft #Himlands Previous Episode ~ https://youtu.be/3kk2D7nBtj4 HIMLANDS - FalanaG Helped Me Against Wizard| Minecraft [S-4 part 9] Follow me on Instagram ~ https://www.instagram.com/hitesh...
English BiBi - 2 | the mridul | Pragati | Nitin,https://www.youtube.com/watch?v=qtInEzl4zTY,,The MriDul,"9.5M views
9 days ago","Hello DostonğŸ‘‹ğŸ»ğŸ¥° â€œ à¤†à¤ª à¤¹à¤à¤¸à¤¤à¥‡ à¤°à¤¹à¥‹, à¤¹à¤® à¤¹à¤à¤¸à¤¾à¤¤à¥‡ à¤°à¤¹à¥‡à¤‚à¤—à¥‡ â€œ Follow MriDul on instagram ~ https://www.instagram.com/themridul_/ Follow Nitin..."
